{
  "config": {
    "num_harmonics": 3,
    "base_freq": 0.1,
    "duration": 10.0,
    "fps": 100.0,
    "q0": [
      1.5707963267948966,
      -1.5707963267948966,
      1.5707963267948966,
      -1.5707963267948966,
      -1.5707963267948966,
      1.5707963267948966
    ]
  },
  "coefficients": {
    "a": [
      [
        -2.020500901740631,
        -1.4862325574362922,
        -1.6135448954847027
      ],
      [
        -0.07734830424737908,
        0.10307990421767262,
        -0.1933697892627852
      ],
      [
        0.5261190772831071,
        -0.11751986029345317,
        -0.6605273740917404
      ],
      [
        1.9692782767482615,
        3.042291340643323,
        -0.18127863084366638
      ],
      [
        -3.840665169343383,
        -4.880328597533245,
        0.08159436290081937
      ],
      [
        6.568777833842289,
        6.677538012718661,
        3.1055419180688286
      ]
    ],
    "b": [
      [
        0.4015929330287677,
        -1.2837468082775938,
        0.34040278854848605
      ],
      [
        1.0739842877785177,
        0.565487353920855,
        0.5807570070079051
      ],
      [
        -0.5666270470756883,
        -0.6803646312006346,
        -0.7286322824433334
      ],
      [
        1.2421536920247898,
        -0.0018680209582861336,
        0.8784142471995414
      ],
      [
        0.5740229430875189,
        1.930697769405361,
        -0.2623306103787635
      ],
      [
        1.9870931433588424,
        2.197629946935865,
        2.4183379432353864
      ]
    ]
  },
  "condition_number": 2.2355660394544863,
  "validation": {
    "condition_number_full": 2.2355660701177347,
    "condition_number_subsampled": 2.2355660394544863,
    "n_timesteps": 1000,
    "q_margin_lower": 1.8059386899529493,
    "q_margin_upper": 3.8055074560562923,
    "dq_margin": 0.0005891979907803879,
    "ddq_margin": -1.869697285883376e-09,
    "max_tool0_displacement": 0.44901811878616943,
    "min_collision_clearance": 0.03348576052625729,
    "singular_values": [
      557.8811002757602,
      557.7954906099015,
      557.3811337162575,
      532.5001018289304,
      441.49527169319754,
      365.22112908376494,
      314.8193094712598,
      311.742775781445,
      252.07348099118107,
      249.54802621708237
    ],
    "box_displacement_min": [
      -0.2586278982114095,
      -0.28529898165053447,
      -0.16169469656208352
    ],
    "box_displacement_max": [
      0.2472186119039484,
      0.005328266460503217,
      0.3595806401331525
    ],
    "box_margin_lower": [
      0.041372101788590465,
      0.014701018349465522,
      0.038305303437916494
    ],
    "box_margin_upper": [
      0.052781388096051596,
      0.29467173353949677,
      0.040419359866847526
    ],
    "all_constraints_satisfied": true
  }
}