{
  "config": {
    "num_harmonics": 5,
    "base_freq": 0.1,
    "duration": 10.0,
    "fps": 100.0,
    "q0": [
      1.5707963267948966,
      -1.5707963267948966,
      1.5707963267948966,
      -1.5707963267948966,
      -1.5707963267948966,
      1.5707963267948966
    ]
  },
  "coefficients": {
    "a": [
      [
        -5.567476247396238,
        -7.064712651909489,
        -4.4231823375543,
        0.38875643558123063,
        0.25322289527218866
      ],
      [
        -2.670415982255658,
        -3.2938120669709217,
        -1.9249105832262323,
        -0.4588172925736566,
        0.28006650393408616
      ],
      [
        -0.390558636636699,
        -1.5040276855301158,
        -1.233107921071965,
        -0.35722729224081506,
        -0.127686409881486
      ],
      [
        -5.971267138809079,
        -4.316970700357797,
        -1.5413380293834542,
        0.13255213980817585,
        0.5136107748334284
      ],
      [
        -0.2524259111345046,
        -2.7129447074705695,
        -3.2076581141682525,
        -1.8238441209543559,
        -0.6115289865887397
      ],
      [
        0.08811475375726205,
        -0.38089283034389104,
        -0.6002532677390455,
        1.7240293516690446,
        0.5268769538151988
      ]
    ],
    "b": [
      [
        2.7992917569894966,
        3.744559876417392,
        2.583755739222796,
        1.1266300820603443,
        0.2613482920815901
      ],
      [
        2.5845098249200533,
        1.9801088610536712,
        0.2335276952891211,
        0.6220346253558439,
        1.0622619932188968
      ],
      [
        -1.7179788422268036,
        -0.6176893846217109,
        1.7742142548902067,
        2.100106825118738,
        1.1545906861823279
      ],
      [
        -0.5646059169917984,
        0.4020588444102246,
        0.6243720724871267,
        1.4930234213068012,
        1.4144909042661662
      ],
      [
        -0.5627405853925819,
        -2.1195910434992244,
        -3.9713620331630866,
        -2.4336407759877416,
        0.1551764665261852
      ],
      [
        1.9317126325427159,
        2.6590542297681803,
        1.094484284344927,
        0.2646824115958367,
        -0.043840800338375875
      ]
    ]
  },
  "condition_number": 1.9386885268702696,
  "validation": {
    "condition_number_full": 1.9386883659782455,
    "condition_number_subsampled": 1.9386885268702696,
    "n_timesteps": 1000,
    "q_margin_lower": 2.833625289391303,
    "q_margin_upper": 3.2790967507425357,
    "dq_margin": 0.0020094623703221792,
    "ddq_margin": -0.0039355843937425306,
    "max_tool0_displacement": 0.6227102268260534,
    "min_collision_clearance": 0.0036558087487158306,
    "all_constraints_satisfied": true,
    "singular_values": [
      557.5485846644597,
      557.4903166735779,
      552.0358897313154,
      486.6502208223323,
      459.04450029678367,
      415.41460626932684,
      344.1935695831294,
      326.33090648556606,
      297.50644173178796,
      287.5906176819323
    ]
  }
}