{
  "config": {
    "num_harmonics": 5,
    "base_freq": 0.1,
    "duration": 10.0,
    "fps": 100.0,
    "q0": [
      1.5707963267948966,
      -1.5707963267948966,
      1.5707963267948966,
      -1.5707963267948966,
      -1.5707963267948966,
      1.5707963267948966
    ]
  },
  "coefficients": {
    "a": [
      [
        -0.3361704528883771,
        -0.1549693169189052,
        0.008484523749806423,
        -1.7262738270296627,
        -0.5703272214532435
      ],
      [
        -0.8039827102678352,
        -1.3699303469474922,
        -2.109016040324395,
        -2.5924228364034203,
        -1.1320418148114664
      ],
      [
        0.09439299282466973,
        -1.209140106485148,
        -1.5010392750617025,
        -1.3443711943846253,
        -1.291282032366418
      ],
      [
        -2.90359309475472,
        1.1787595290530237,
        1.6634083920054157,
        0.00495581411781083,
        -0.9633922601314157
      ],
      [
        3.9031459890371165,
        2.2011603310530328,
        -2.330586174511591,
        -2.326006789112489,
        -1.0283636209427882
      ],
      [
        -0.6043591006124355,
        -0.9941998511672995,
        -0.7884440636930237,
        -0.3160046815794572,
        0.5760009771123165
      ]
    ],
    "b": [
      [
        0.7156061915545591,
        0.5253778083703604,
        -0.29172306769594586,
        -1.5485810677742606,
        -0.5656989660604668
      ],
      [
        0.7367460539927084,
        0.5182398447977312,
        0.4329493019013918,
        0.2240134515622328,
        0.21375299313346294
      ],
      [
        -0.37639369847027104,
        -0.11401009865047936,
        -0.3471322695811784,
        -0.5756678979278569,
        -0.44436928775876955
      ],
      [
        1.93201340748825,
        2.7019328579046973,
        1.4925732992875456,
        0.23145685672031324,
        -0.41461040507663494
      ],
      [
        -0.3109478311972224,
        0.17550152088687412,
        2.091980319544706,
        2.4754902387462794,
        0.26886837402694974
      ],
      [
        -0.5830550884195053,
        1.8759226792664008,
        4.78183434749232,
        2.7373549187273274,
        0.37922372810545407
      ]
    ]
  },
  "condition_number": 1.9959590429564504,
  "validation": {
    "condition_number_full": 1.9959590333814736,
    "condition_number_subsampled": 1.9959590429564504,
    "n_timesteps": 1000,
    "q_margin_lower": 1.8268340094742257,
    "q_margin_upper": 2.8277040916866962,
    "dq_margin": 0.0038745980131262847,
    "ddq_margin": -0.0026724810682559053,
    "max_tool0_displacement": 0.5409279682889102,
    "min_collision_clearance": 0.03348576052625729,
    "singular_values": [
      538.5335614092527,
      538.4802642625724,
      536.0315858301868,
      497.5462429877533,
      457.3932118147012,
      365.35728509456385,
      325.74296999994607,
      285.6797677972252,
      269.95741480184745,
      269.8119312082727
    ],
    "box_displacement_min": [
      -0.3068175973462292,
      -0.3138097091292194,
      -0.21206094416068083
    ],
    "box_displacement_max": [
      0.29989595134805247,
      0.0807062579393133,
      0.4017035129258699
    ],
    "box_margin_lower": [
      -0.0068175973462292205,
      -0.013809709129219416,
      -0.01206094416068082
    ],
    "box_margin_upper": [
      0.00010404865194751922,
      0.2192937420606867,
      -0.0017035129258698989
    ],
    "all_constraints_satisfied": false
  }
}