{
  "config": {
    "num_harmonics": 2,
    "base_freq": 0.1,
    "duration": 10.0,
    "fps": 100.0,
    "q0": [
      1.5707963267948966,
      -1.5707963267948966,
      1.5707963267948966,
      -1.5707963267948966,
      -1.5707963267948966,
      1.5707963267948966
    ]
  },
  "coefficients": {
    "a": [
      [
        -0.7561266796554788,
        0.6549948230684937
      ],
      [
        0.9965405075246909,
        0.8602960755335072
      ],
      [
        0.5445692205442962,
        1.4841846125921017
      ],
      [
        0.2468083169195635,
        2.30199361982316
      ],
      [
        0.7313736337477375,
        -0.6153665295992636
      ],
      [
        0.28947357791677936,
        0.0648801103254088
      ]
    ],
    "b": [
      [
        0.8997568541318826,
        2.3075050324582373
      ],
      [
        -0.3282459980071671,
        0.28609442965261156
      ],
      [
        0.31581619417229845,
        -0.5264109456531554
      ],
      [
        -0.11478884377275336,
        -0.0018601607981278273
      ],
      [
        -1.7627238948115393,
        -0.5462352898101933
      ],
      [
        -0.43309987197698707,
        0.6681277029373714
      ]
    ]
  },
  "condition_number": 4.559695099023968,
  "validation": {
    "condition_number_full": 4.559695150835385,
    "condition_number_subsampled": 4.559695099023968,
    "n_timesteps": 1000,
    "q_margin_lower": 3.052068307497784,
    "q_margin_upper": 3.089972747904815,
    "dq_margin": 0.4477416436556143,
    "ddq_margin": 3.9658869808439965,
    "max_tool0_displacement": 0.9204837561688023,
    "min_collision_clearance": 0.011816476778163026,
    "singular_values": [
      418.2543261395201,
      384.30713374191856,
      315.11887677137094,
      298.32115128718135,
      268.7119849782899,
      229.92658964448424,
      174.09860835251186,
      156.78401923568555,
      130.89929272339754,
      91.72857226275127
    ],
    "all_constraints_satisfied": false
  }
}